id,sex,ses,marital,profession,education,GIS1,GIS2,GIS3,GIS4,GIS5,GIS6,GIS7,GIS8,GIS9,GIS10,GIS11,GIS12,GIS13,GIS14,GIS15,GIS16,GIS17,GIS18,GIS19,GIS20,GIS21,Age
1,1,2,1,3,5,4,3,3,3,3,3,4,4,3,4,3,4,4,3,3,3,3,3,4,3,3,72
2,1,2,1,1,3,4,3,3,4,4,4,4,4,4,4,3,4,4,4,4,3,3,0,4,4,4,69
3,1,2,3,1,3,4,3,4,4,3,3,3,4,4,4,3,4,4,3,3,4,3,3,4,4,4,64
4,1,2,1,1,3,4,3,0,3,3,4,4,4,0,3,3,3,3,3,3,4,3,0,3,3,3,66
5,0,1,1,5,5,3,4,4,3,3,4,4,4,4,3,4,3,4,4,4,4,3,3,4,4,4,61
6,1,1,2,2,5,4,3,3,4,4,4,3,3,4,3,3,3,3,3,3,4,4,4,3,3,3,62
7,1,2,2,1,1,4,4,3,3,3,4,4,3,4,3,3,3,3,4,3,4,4,3,4,3,3,69
8,1,2,2,1,3,3,3,4,4,3,3,3,4,4,1,3,3,3,3,3,4,4,3,4,3,3,65
9,1,1,1,3,5,4,3,3,3,3,3,3,4,4,3,3,3,4,3,3,4,3,3,4,3,3,62
10,1,2,1,1,3,4,3,3,3,1,3,3,3,4,3,3,4,3,4,4,4,4,3,4,3,3,62
11,1,2,1,3,5,3,3,3,3,3,3,4,3,3,3,3,3,3,3,3,4,4,3,4,4,4,71
12,1,1,1,4,5,3,3,3,3,3,3,4,3,4,3,3,4,4,3,3,4,4,3,3,3,3,67
13,1,1,2,3,5,4,4,4,3,3,3,4,4,4,4,4,4,3,3,3,4,4,3,4,4,3,67
14,1,1,1,3,5,3,3,3,4,3,3,4,4,4,3,3,3,3,3,4,4,4,3,4,4,4,62
15,1,2,1,2,1,4,3,4,4,3,4,3,4,4,1,3,4,4,3,4,4,4,1,4,3,3,60
16,1,1,1,4,5,3,3,3,3,3,3,3,4,4,3,3,3,4,3,3,4,3,3,3,3,3,70
17,1,2,1,3,5,4,3,1,3,3,3,4,4,4,3,3,3,3,3,3,4,4,3,3,3,4,67
18,1,2,1,1,2,3,3,4,4,3,3,4,4,4,3,3,4,4,3,3,4,4,3,4,3,3,63
19,1,2,1,1,5,4,3,3,3,3,3,4,4,4,3,3,3,4,1,3,4,4,1,4,3,3,66
20,1,2,1,2,1,4,3,3,3,3,4,4,4,4,3,3,3,4,3,3,4,4,1,4,4,4,65
21,1,1,1,3,5,3,3,4,4,3,3,3,4,4,3,3,4,3,3,3,4,4,3,4,3,3,63
22,1,2,1,3,1,3,3,3,3,3,4,3,3,3,3,3,3,3,3,3,4,4,3,3,3,3,61
23,1,2,1,1,4,3,3,1,3,3,3,3,3,3,1,4,4,4,4,4,3,3,1,3,1,3,61
24,0,1,3,5,5,3,2,3,2,3,3,1,3,3,2,3,3,3,2,1,3,3,3,2,2,1,62
25,1,1,1,1,1,4,4,3,4,4,3,4,4,3,4,4,4,4,4,4,3,3,3,4,4,4,73
26,1,1,1,4,5,3,3,4,3,3,4,3,1,3,3,3,2,1,2,3,3,3,3,3,3,3,71
27,1,1,1,4,5,4,4,4,4,4,4,4,4,3,4,4,4,4,4,4,4,3,4,4,4,4,60
28,1,1,1,5,5,4,3,4,4,4,4,4,4,2,4,4,4,4,4,4,0,4,3,4,4,4,57
29,1,1,1,4,5,4,4,4,4,3,4,2,4,3,4,4,3,3,3,4,3,2,3,3,3,3,64
30,1,1,1,4,5,4,4,4,4,4,1,2,0,2,4,4,4,4,4,4,0,4,4,4,4,4,64
31,1,1,1,4,5,4,4,4,4,4,4,4,4,3,4,4,4,4,4,4,3,3,3,4,4,4,62
32,1,1,1,4,5,4,4,4,4,3,2,3,3,3,3,4,4,4,4,4,3,3,3,4,4,4,65
33,1,1,1,4,5,4,3,3,3,2,2,3,3,1,3,3,3,2,3,3,1,3,2,3,2,3,81
34,1,1,1,4,5,4,4,4,3,3,3,4,3,3,3,4,2,3,3,3,1,4,3,3,3,3,68
35,1,1,1,4,5,4,3,2,3,2,2,4,3,3,3,3,3,3,2,3,1,3,3,3,3,3,60
36,1,2,1,2,1,4,4,4,4,4,4,4,4,2,4,4,4,4,4,4,0,0,0,4,4,4,62
37,1,2,1,1,1,4,4,4,4,4,4,4,4,0,4,4,4,4,4,4,4,4,0,4,4,4,62
38,1,1,1,4,5,4,4,4,4,4,4,4,4,2,3,4,4,4,4,4,3,3,2,4,4,4,62
39,1,2,1,1,1,4,4,4,4,4,4,4,4,4,4,4,4,4,4,4,2,4,4,4,4,4,61
40,1,1,1,4,1,4,4,4,4,4,4,4,4,4,4,4,4,4,4,4,3,3,4,4,4,4,55
41,1,1,1,3,5,4,4,4,4,4,4,4,4,3,4,3,3,3,3,3,3,3,3,4,4,4,61
42,1,1,1,1,3,4,3,4,4,3,3,3,4,4,1,3,4,4,3,3,4,4,3,3,3,0,67
43,1,2,1,3,5,3,3,3,4,3,4,3,3,4,3,3,4,3,3,1,4,4,3,4,3,4,61
44,1,2,1,2,5,4,3,4,4,3,3,3,4,4,3,4,4,4,3,3,4,4,3,4,3,3,81
45,1,2,1,1,5,3,3,4,3,3,3,4,3,4,3,3,4,3,3,1,4,4,3,3,3,3,66
46,1,1,1,3,5,4,3,4,4,3,3,3,3,4,4,4,4,4,1,3,4,4,3,4,3,3,60
47,1,3,3,1,4,4,2,3,3,3,4,1,4,4,4,3,3,4,4,4,4,4,4,4,2,4,73
48,1,2,1,1,3,2,4,3,2,3,4,4,4,4,0,2,1,4,4,4,4,3,3,4,4,4,66
49,0,2,1,1,2,4,2,2,1,3,2,3,1,1,1,2,1,2,2,3,4,3,2,1,0,3,61
50,1,2,3,2,3,3,4,3,4,3,3,4,4,4,1,3,4,4,4,4,4,2,1,4,1,4,70
51,0,2,1,5,5,4,4,4,4,4,4,0,4,0,4,4,4,4,4,4,0,3,3,4,4,4,59
52,0,3,1,5,5,4,4,4,4,4,4,4,4,3,2,4,4,4,4,4,3,4,1,4,4,4,61
53,1,1,3,4,5,3,3,3,3,3,3,3,3,3,3,3,4,4,4,3,4,1,3,3,3,3,62
54,0,2,1,5,5,4,4,4,4,4,4,4,4,3,4,4,4,4,4,3,4,4,4,1,4,3,73
55,0,2,3,5,5,4,4,4,4,4,4,4,4,4,4,4,4,4,4,4,3,3,0,4,4,4,74
56,0,1,3,5,5,4,4,4,4,4,4,4,4,3,4,4,4,4,4,4,3,3,0,4,4,4,72
57,1,1,1,3,5,3,3,3,3,3,3,3,4,3,4,4,4,2,3,3,3,3,0,4,4,4,66
58,0,1,1,3,5,3,3,2,2,3,3,3,2,3,3,4,4,4,4,4,3,3,1,3,4,4,70
59,0,1,1,5,5,3,4,4,3,4,3,0,3,1,3,4,3,3,3,3,1,1,1,3,3,3,68
60,1,1,1,3,5,4,4,4,4,4,4,4,4,4,4,4,4,4,4,4,4,4,4,4,4,4,68
61,1,3,1,3,5,4,4,4,4,4,4,4,4,4,4,4,4,4,4,4,4,4,0,4,4,4,63
62,0,3,1,5,5,4,4,4,4,4,4,4,4,4,3,4,4,4,3,3,3,3,3,4,3,3,65
63,1,1,3,3,5,4,4,4,4,4,4,4,4,4,4,4,4,4,4,4,4,4,0,4,4,4,70
64,1,2,1,3,5,3,3,3,3,3,3,3,3,3,3,3,3,3,3,3,3,3,3,3,3,3,64
65,0,1,1,5,5,4,4,4,4,4,4,4,4,3,4,4,4,4,4,4,3,3,3,4,4,4,63
66,0,2,1,5,5,4,3,3,3,3,3,3,3,3,3,2,4,4,4,4,4,4,1,3,3,3,62
67,0,2,3,5,5,4,4,4,4,2,4,4,4,3,4,4,4,4,4,4,0,3,3,4,4,4,64
68,0,2,3,5,5,4,4,4,4,4,4,4,4,4,4,4,4,4,4,4,4,4,0,4,4,4,64
69,0,2,1,5,5,4,4,4,4,4,4,4,1,0,4,4,4,4,4,4,3,3,3,4,4,4,65
70,0,1,2,5,5,4,4,4,4,4,4,4,4,3,4,4,4,4,4,1,3,3,0,4,4,4,62
71,1,1,1,3,5,4,4,4,4,4,4,4,4,3,4,4,4,4,4,4,3,3,3,4,4,4,61
72,0,1,1,5,5,3,3,3,3,3,3,3,3,3,2,3,3,3,3,3,3,3,3,3,3,3,70
73,0,2,1,5,5,3,4,3,3,3,3,3,3,3,3,3,3,3,3,3,3,3,3,4,4,4,70
74,0,1,1,5,5,4,4,4,4,4,4,4,4,3,3,3,3,3,3,3,3,3,3,3,3,3,62
75,0,2,1,5,5,4,4,4,4,4,4,4,4,3,4,4,4,4,4,4,3,3,3,4,4,4,70
76,0,1,1,5,5,4,4,4,4,4,4,4,4,3,4,4,4,4,4,4,0,3,3,4,4,4,65
77,0,1,2,3,5,4,4,4,4,4,4,4,4,3,4,4,4,4,4,4,3,3,3,4,4,4,70
78,0,1,1,5,5,3,3,2,2,2,3,3,1,3,2,2,1,3,1,3,1,3,2,3,1,1,65
79,1,1,1,4,5,3,3,3,3,3,3,3,3,3,3,3,3,3,3,3,3,3,3,3,3,3,66
80,0,1,3,3,5,2,2,2,3,3,2,3,3,3,3,3,3,3,3,2,1,3,2,3,3,3,69
81,1,2,1,1,1,4,4,4,4,4,4,4,4,4,4,4,4,4,4,4,3,3,3,3,3,3,72
82,0,1,3,3,5,3,3,2,3,3,2,3,2,2,3,4,3,3,2,3,1,3,2,3,3,3,79
83,0,1,2,3,5,3,3,3,3,3,3,3,3,2,2,1,1,1,2,2,1,1,1,2,1,2,67
84,1,1,1,3,1,4,4,4,4,4,4,4,4,0,4,4,4,4,4,4,3,3,3,4,4,4,67
85,1,1,1,4,5,3,3,3,2,2,2,3,1,3,3,3,2,3,2,2,3,3,3,3,3,3,72
86,0,1,1,3,5,3,3,2,3,3,2,3,2,1,3,3,3,3,3,3,2,3,3,2,3,3,67
87,0,1,3,3,5,3,3,2,2,2,1,3,1,1,2,2,1,1,1,1,1,2,1,2,1,1,66
88,0,1,3,3,5,3,3,3,2,2,2,2,1,1,2,2,2,2,2,2,2,2,2,2,1,1,61
89,1,1,3,3,5,3,3,3,4,3,2,3,2,2,3,4,4,4,4,4,0,0,0,4,4,4,73
90,1,1,1,4,5,4,4,2,3,2,3,3,3,3,3,4,4,3,3,3,3,3,3,3,3,3,64
91,1,1,1,4,5,4,4,3,3,3,3,4,3,2,3,3,3,3,3,3,3,3,3,3,3,3,85
92,0,1,3,4,5,4,3,2,2,3,2,3,2,1,2,4,4,4,3,2,3,2,3,3,2,3,68
93,0,1,2,4,5,4,4,2,2,3,2,3,2,3,3,4,4,3,2,3,2,3,3,2,2,3,69
94,1,2,1,3,5,4,4,4,4,4,4,4,4,3,4,4,4,4,4,4,3,3,3,4,4,4,63
95,0,1,1,3,5,4,4,4,4,4,4,4,4,3,4,4,4,4,4,4,3,3,3,4,4,4,61
96,0,2,1,5,5,4,4,4,4,4,4,4,4,3,4,4,4,4,4,4,3,3,3,4,4,4,60
97,1,2,3,3,5,4,4,4,4,4,4,4,4,3,4,4,4,4,4,4,3,3,3,4,4,4,70
98,1,2,1,3,5,4,4,4,4,4,4,4,4,3,4,4,4,4,4,4,3,3,3,4,4,4,60
99,1,1,1,3,5,4,4,4,4,4,4,4,4,3,4,4,4,4,4,4,3,3,3,4,4,4,63
100,1,1,1,3,5,4,4,4,4,4,4,4,4,3,4,4,4,4,4,4,3,3,3,4,4,4,62
101,1,2,1,3,5,4,4,4,4,4,4,4,4,4,4,4,4,4,4,4,3,3,4,4,4,4,60
102,1,1,1,3,5,4,4,4,4,4,4,4,4,3,4,4,4,4,4,4,3,3,3,4,4,4,72
103,1,1,1,3,5,4,4,4,4,4,4,4,4,3,4,4,4,4,4,4,3,3,3,4,4,4,60
104,1,2,1,3,5,4,4,4,4,4,4,4,4,3,4,4,4,4,4,4,3,3,3,4,4,4,75
105,1,1,1,3,5,4,0,4,4,4,4,4,4,3,4,4,4,4,4,4,3,3,3,4,4,4,60
106,1,1,1,3,5,4,4,4,4,4,4,4,4,3,4,4,4,4,4,4,3,3,3,4,4,4,61
107,1,1,1,3,5,4,4,4,4,4,4,4,4,3,4,4,4,4,4,4,3,3,3,4,4,4,64
108,1,2,1,3,5,4,4,4,4,4,4,4,4,3,4,4,4,4,4,4,3,3,3,4,4,4,60
109,0,2,1,3,5,4,4,4,4,4,4,4,4,3,4,4,4,4,4,4,3,3,3,4,4,4,60
110,0,2,1,3,5,4,4,4,4,4,4,4,4,3,4,4,4,4,4,4,3,3,3,4,4,4,62
111,1,2,1,3,5,4,4,4,4,4,4,4,4,3,4,4,4,4,4,4,3,3,3,4,4,4,70
112,1,1,1,3,5,4,4,4,4,4,4,4,4,3,4,4,4,4,4,4,3,3,3,4,4,4,75
113,0,1,3,3,5,4,4,4,4,4,4,4,4,3,4,4,4,4,4,4,3,3,3,4,4,4,61
114,1,1,1,2,1,3,3,3,4,3,2,3,4,4,3,3,3,3,3,4,4,4,3,3,3,3,61
115,0,1,3,5,1,4,3,3,3,3,3,3,3,4,2,2,3,3,3,3,4,1,1,3,3,3,73
116,0,2,1,5,1,3,3,4,3,3,3,4,4,4,2,3,4,4,4,3,4,3,3,4,2,4,60
117,0,2,3,5,1,3,4,4,4,4,4,3,4,4,3,3,4,4,4,4,4,2,3,3,4,4,66
118,1,2,1,1,1,3,4,4,3,1,0,3,4,4,3,1,4,3,3,3,3,3,4,4,0,3,63
119,1,1,1,3,1,4,3,3,3,3,3,4,4,4,3,3,4,4,3,3,4,3,3,4,2,3,75
120,0,2,3,5,1,3,4,3,3,3,2,3,3,3,3,3,3,3,3,3,4,3,3,3,3,3,72
121,0,3,3,5,1,3,4,3,3,3,3,4,4,4,3,3,4,4,4,4,4,4,3,4,3,4,72
122,0,1,1,5,5,3,3,4,3,3,3,3,4,4,2,3,4,4,3,3,4,3,3,4,2,3,60
123,1,2,1,3,3,4,4,4,2,3,1,4,4,4,4,4,4,4,3,3,4,4,4,4,4,4,64
124,0,4,1,5,2,3,2,1,4,2,3,4,4,4,1,3,4,4,4,4,4,4,1,3,2,4,66
125,1,2,2,3,1,3,3,3,1,3,3,3,0,1,3,3,3,3,3,4,4,1,1,4,2,3,62
126,1,2,1,3,1,3,3,3,3,2,3,3,4,4,3,3,4,3,2,3,4,1,1,3,3,3,62
127,1,3,1,3,1,2,3,1,2,1,3,2,4,4,2,1,4,3,2,4,3,1,1,2,2,3,60
128,1,3,1,3,1,4,3,4,4,4,4,3,4,4,3,4,4,4,2,4,4,4,3,4,4,4,69
129,0,1,1,5,1,3,3,3,2,3,3,3,3,4,2,3,3,3,3,3,4,3,3,3,2,3,60
130,0,2,1,5,1,3,3,3,3,3,4,4,4,4,3,3,4,4,3,3,4,3,3,3,2,3,71
131,0,1,3,5,1,3,3,3,3,3,3,4,3,4,2,3,3,3,3,3,4,3,3,3,2,3,60
132,1,3,1,3,3,3,3,3,4,3,4,4,4,4,3,4,4,3,3,3,3,4,2,4,3,3,63
133,1,2,1,3,2,3,3,3,3,4,4,3,4,4,3,3,4,3,4,3,4,4,3,3,3,3,61
134,1,2,1,2,5,4,3,3,4,4,3,4,4,4,3,3,4,3,4,3,4,4,3,3,3,2,63
135,1,3,1,1,3,3,3,3,4,3,3,4,4,4,3,3,4,3,3,3,4,3,3,4,3,3,70
136,1,3,1,1,4,3,3,3,4,3,4,4,4,4,3,3,3,3,4,3,3,3,1,4,3,3,65
137,0,2,3,5,3,3,3,3,4,3,4,4,3,4,3,3,4,3,3,3,3,3,1,3,3,4,76
138,1,2,1,4,1,3,3,4,4,3,3,4,4,4,3,4,4,4,3,3,3,3,4,4,3,4,63
139,1,2,1,2,1,3,3,4,4,3,4,4,4,4,4,2,4,4,3,3,4,3,1,3,2,3,64
140,1,2,1,4,1,4,3,3,4,3,4,3,4,4,4,3,4,3,4,4,4,4,1,3,3,4,60
141,1,3,1,3,4,4,3,4,3,3,3,3,4,3,4,3,4,4,4,3,4,4,1,4,3,3,63
142,1,2,1,4,5,3,2,3,3,3,3,4,4,4,3,3,4,3,4,3,4,1,2,3,2,2,74
143,1,3,1,3,2,4,3,4,4,4,4,4,4,4,3,3,3,3,3,3,3,4,3,3,3,3,62
144,1,3,1,1,4,4,4,4,4,3,3,4,4,4,3,3,4,3,4,3,4,4,0,4,3,3,73
145,0,2,3,5,5,2,3,2,4,2,2,4,4,3,2,3,4,3,3,3,4,4,2,3,2,1,77
146,0,2,3,5,5,3,4,4,4,3,2,2,4,3,2,3,4,4,4,3,4,4,3,2,3,2,73
147,1,3,1,3,3,3,3,4,3,3,4,4,3,4,3,3,4,3,3,3,3,3,3,3,3,3,62
148,1,2,3,4,5,4,3,4,4,3,2,4,4,3,2,3,4,3,3,3,4,3,3,3,3,2,77
149,1,3,1,3,1,3,3,3,4,3,3,2,3,4,3,3,3,3,4,3,4,4,3,4,3,4,63
150,1,2,1,3,5,3,3,4,4,3,2,3,3,3,3,3,4,3,3,3,4,4,3,4,3,3,61
151,1,2,1,5,5,4,4,4,4,3,2,3,3,3,2,3,3,3,3,2,4,1,1,2,2,2,67
152,1,3,1,3,2,3,3,3,4,3,2,1,4,4,3,4,4,3,4,3,3,3,3,3,3,1,63
153,1,2,1,4,5,3,4,4,4,3,3,3,4,4,3,3,4,3,3,3,4,4,3,4,3,3,72
154,0,2,1,5,5,3,3,3,4,3,3,3,4,4,2,3,4,3,4,3,4,4,3,4,3,3,62
155,0,2,1,5,1,3,3,3,4,3,4,4,4,3,3,3,4,3,4,3,4,4,3,3,3,4,62
156,0,3,1,5,2,4,4,3,4,3,3,3,3,3,3,3,3,3,4,3,4,4,3,4,3,2,60
157,0,1,1,5,5,2,3,3,4,3,2,4,4,4,2,3,4,3,4,3,3,3,1,4,3,3,74
158,1,3,3,1,3,4,3,4,4,3,3,4,4,4,2,3,4,3,3,2,4,4,3,4,3,2,78
159,1,2,1,1,3,4,4,4,4,3,3,4,4,4,3,3,4,3,4,4,4,4,3,3,3,4,68
160,1,2,2,1,5,4,2,1,3,4,4,4,4,4,4,4,4,3,3,3,4,4,3,4,3,4,64
161,1,2,1,1,1,4,4,2,3,3,3,3,3,4,3,4,4,3,0,4,4,4,4,4,4,4,62
162,1,2,1,4,1,4,4,4,4,4,4,3,4,4,4,3,4,4,4,4,4,4,4,4,4,4,65
163,1,2,1,4,5,1,4,3,3,4,4,3,3,4,3,4,4,4,3,4,4,4,4,4,4,4,80
164,1,1,1,3,1,3,1,1,3,3,4,3,4,3,3,4,3,4,3,2,3,3,4,2,2,2,66
165,1,1,1,1,1,3,3,3,3,4,3,3,4,3,4,4,4,3,3,3,4,3,4,4,3,4,61
166,1,2,2,1,1,3,3,4,4,4,3,4,4,4,4,3,4,4,4,4,4,4,0,3,3,4,61
167,1,2,2,3,1,3,4,3,3,4,3,0,1,3,3,3,2,2,1,2,3,2,0,1,1,2,65
168,1,1,1,3,5,4,4,4,4,3,3,3,4,2,3,4,3,4,2,3,4,3,0,3,1,2,62
169,1,1,2,3,1,3,3,2,2,1,2,3,2,2,1,3,2,2,2,2,1,1,0,1,1,2,69
170,1,2,1,3,5,2,2,2,1,3,2,1,0,0,2,1,0,0,0,2,0,0,0,0,1,1,63
171,1,1,1,2,5,1,0,2,3,2,1,0,2,0,0,1,1,0,0,2,1,2,0,0,1,2,79
172,1,2,1,4,1,3,3,3,3,3,3,3,3,3,3,3,3,3,3,3,3,3,3,3,3,3,64
173,1,1,1,2,1,4,4,4,4,4,3,3,4,4,4,4,4,4,3,4,4,4,3,3,3,4,62
174,1,1,2,3,1,4,0,4,3,4,4,4,4,4,4,4,4,4,4,4,4,3,2,4,3,4,63
175,1,1,1,2,5,3,1,3,3,3,3,3,4,3,3,3,4,4,3,3,4,4,4,4,4,4,66
176,1,1,1,2,5,3,3,4,4,4,4,3,4,3,4,4,4,4,1,4,4,4,4,4,3,4,65
177,1,1,1,2,2,0,4,0,3,1,1,0,1,1,2,0,1,0,0,1,0,0,0,0,0,0,60
178,1,1,2,2,5,4,3,4,3,3,3,2,0,2,1,1,4,4,4,3,4,4,0,0,1,3,65
179,1,1,1,2,5,3,0,1,4,4,2,1,1,4,2,3,2,3,1,3,4,3,4,4,3,3,64
180,1,1,2,2,5,4,3,1,3,3,3,3,0,1,0,2,3,3,4,3,4,4,4,4,3,3,61
181,1,1,1,3,5,1,2,1,2,2,3,3,2,2,1,3,2,2,1,3,2,3,0,4,2,2,61
182,1,1,1,3,1,3,4,3,3,3,3,4,3,3,1,3,3,4,0,2,4,3,3,2,1,2,65
183,1,2,1,3,5,3,3,3,2,3,3,3,4,4,4,3,4,3,1,3,4,3,4,3,3,3,61
184,1,2,1,3,1,3,3,1,1,3,1,1,0,0,2,1,1,0,1,1,2,0,0,1,1,0,61
185,0,1,3,5,5,3,2,2,3,2,3,3,3,3,0,2,3,3,2,3,3,0,0,3,3,4,62
186,0,2,3,5,5,3,1,1,1,1,1,3,3,3,2,3,3,3,2,3,3,3,0,1,2,3,65
187,0,2,1,5,1,2,3,3,4,4,3,3,3,3,3,3,3,3,3,3,3,3,4,3,3,3,67
188,0,2,2,5,5,3,3,3,3,3,3,3,1,2,2,3,1,1,1,3,3,3,0,2,2,1,68
189,0,2,1,5,5,1,3,3,3,3,3,3,1,2,3,3,2,3,2,2,3,4,4,2,2,2,71
190,0,3,1,5,5,4,4,4,4,4,3,3,4,4,4,4,4,4,4,4,3,4,4,4,4,4,64
191,0,2,3,5,1,0,1,0,3,3,2,1,0,0,2,3,0,0,3,3,3,4,4,2,3,3,70
192,0,1,1,5,5,4,3,3,4,4,3,3,3,2,3,3,3,3,3,3,2,2,4,4,3,3,61
193,0,2,3,5,5,4,2,4,3,3,3,4,4,2,3,3,3,3,2,2,3,2,2,3,2,3,85
194,0,3,1,5,5,4,4,4,4,4,4,4,4,4,4,3,4,4,3,3,4,4,1,4,4,4,79
195,0,2,1,5,2,4,3,2,2,2,3,4,3,3,4,4,4,3,3,3,3,4,3,4,4,3,61
196,0,4,1,1,1,3,1,3,3,3,4,3,3,3,3,3,3,3,3,3,4,4,0,3,3,3,65
197,0,4,3,1,1,4,3,4,4,3,3,3,4,3,3,3,4,3,3,3,3,3,3,3,3,1,90
198,0,4,3,5,5,0,1,1,0,2,2,3,3,3,1,1,1,3,3,3,3,4,1,2,1,0,69
199,1,2,1,4,1,3,3,1,3,3,3,3,3,4,3,3,3,3,3,3,4,4,4,3,3,3,63
200,0,4,3,5,1,4,3,4,4,3,4,3,4,4,2,3,3,3,3,3,3,3,0,3,3,3,90
201,0,3,1,5,1,4,2,2,4,3,3,3,3,4,2,3,3,3,3,3,3,2,2,3,3,0,69
202,0,2,1,5,5,3,3,3,3,3,3,1,3,4,2,3,3,3,2,3,3,3,2,3,3,2,63
203,0,2,1,5,1,3,2,2,3,2,3,1,3,3,2,3,3,3,2,3,3,2,3,3,2,1,64
204,0,1,3,5,5,4,4,4,4,4,4,3,4,3,3,4,4,4,2,3,3,3,3,4,2,3,63
205,1,2,1,3,1,3,3,3,3,3,3,2,3,3,3,3,3,3,2,2,3,2,2,3,2,3,62
206,1,1,1,4,5,4,4,4,4,4,4,4,4,4,4,4,4,4,3,3,4,2,2,3,3,3,70
207,1,2,1,4,1,3,3,2,2,2,1,1,1,2,2,2,2,1,1,1,2,1,2,2,2,2,75
208,1,2,3,3,5,4,4,4,4,4,4,4,4,3,4,4,4,4,3,3,3,3,3,4,3,2,70
209,0,3,3,5,5,3,3,3,3,4,4,4,4,3,3,4,4,4,2,2,3,3,3,3,3,3,68
210,1,3,1,3,1,4,4,4,4,4,4,4,4,3,3,4,4,4,4,4,3,3,3,1,3,3,63
211,1,2,1,3,1,1,2,2,2,2,2,2,2,2,2,2,2,2,2,2,2,2,2,1,1,1,70
212,1,2,1,3,5,4,3,3,4,3,0,4,4,0,4,4,4,4,4,4,0,0,0,4,4,4,64
213,1,2,1,3,5,1,2,2,3,3,2,1,2,3,2,2,2,2,2,1,2,2,2,1,1,1,60
214,1,2,1,3,5,2,2,2,2,1,2,2,1,1,4,3,3,2,1,1,2,1,1,2,2,2,60
215,0,3,1,5,1,4,4,4,4,4,4,4,4,3,3,4,4,4,3,3,3,3,2,3,3,3,69
216,0,2,3,5,5,4,3,3,3,3,3,3,3,3,3,4,4,4,4,4,3,3,3,3,3,3,66
217,1,2,3,3,1,4,4,4,4,4,3,4,3,3,3,3,3,3,3,3,3,2,0,4,4,4,65
218,0,2,3,5,5,4,4,4,4,3,3,3,3,3,3,3,3,3,3,3,3,3,3,3,3,3,65
219,1,2,1,3,2,3,3,3,3,3,3,3,3,3,3,3,3,3,3,3,3,3,3,3,3,3,62
220,0,1,1,5,5,2,3,3,3,2,2,1,1,1,2,3,3,2,3,1,3,1,3,3,1,1,63
221,0,2,3,5,5,3,3,3,3,3,2,1,3,3,3,3,3,3,3,3,3,2,3,3,2,2,63
222,0,2,3,5,5,3,3,3,3,3,3,4,4,4,3,3,4,3,3,3,4,3,1,3,2,3,63
223,1,2,1,3,2,3,3,3,3,3,3,3,3,4,3,3,3,3,3,3,4,1,2,3,3,3,80
224,1,3,1,5,5,3,3,3,3,3,3,3,3,4,3,3,3,3,3,3,3,2,1,3,3,3,69
225,1,2,1,1,3,3,3,3,3,3,3,3,3,4,3,3,3,3,3,3,4,4,1,3,3,3,65
226,1,2,1,2,4,4,4,3,4,3,3,4,3,1,2,4,4,3,3,4,3,3,3,3,3,1,65
227,1,2,2,3,4,3,4,3,4,4,3,3,3,4,3,3,3,4,1,3,4,3,3,3,3,2,66
228,0,2,3,5,5,3,4,3,3,3,3,2,3,4,3,3,3,4,3,2,4,3,3,3,3,1,67
229,0,2,1,5,1,3,3,4,3,3,3,2,3,4,3,3,3,3,3,3,4,4,1,3,3,3,63
230,0,2,1,5,5,3,3,4,4,3,2,1,3,4,3,3,3,3,1,3,4,3,3,3,3,2,65
231,1,1,1,4,5,4,4,4,4,3,3,1,3,4,4,3,3,3,3,3,4,3,3,3,1,1,64
232,0,2,1,5,5,3,3,4,3,3,4,3,4,4,3,3,3,4,4,1,4,4,0,4,4,3,66
233,1,3,1,1,2,3,3,3,3,3,3,3,3,4,3,3,3,4,4,3,3,3,3,4,3,3,71
234,1,2,3,4,5,3,4,4,4,3,3,4,3,4,3,3,3,4,4,4,4,4,4,4,3,3,73
235,1,2,3,3,5,3,3,3,3,3,3,3,3,4,3,3,3,3,3,2,3,3,3,3,3,3,79
236,1,2,1,1,1,3,3,3,3,3,3,3,3,4,3,3,3,3,3,3,4,4,4,3,3,3,74
237,0,2,1,5,5,4,4,3,3,3,3,4,4,4,3,4,3,3,4,4,4,4,4,3,4,4,79
238,0,2,3,5,5,3,3,3,3,3,3,3,3,4,3,3,3,3,3,3,4,4,4,2,2,2,62
239,0,1,1,3,3,4,4,4,4,4,4,4,4,4,4,4,4,4,4,4,4,4,4,4,4,4,62
240,0,2,3,5,1,4,4,4,4,3,3,2,3,4,3,3,3,3,2,3,4,4,4,2,2,2,59
241,0,2,2,1,5,4,4,4,4,4,3,4,4,4,4,4,4,3,3,3,4,4,4,3,3,3,65
242,0,2,3,5,1,4,4,4,4,4,3,4,3,4,4,3,4,3,3,3,3,4,3,3,2,2,64
243,0,2,3,5,5,4,3,3,3,3,3,4,3,3,3,3,3,3,4,4,3,3,3,3,3,3,65
244,1,2,1,2,4,4,4,4,3,3,4,3,3,4,3,4,4,3,3,3,4,4,4,3,3,3,61
245,1,2,3,3,1,4,4,4,4,4,3,3,3,4,3,4,4,4,3,3,4,4,4,3,3,3,74
246,1,2,2,3,2,4,4,4,3,3,3,3,4,4,3,4,3,3,3,3,4,4,4,3,3,3,71
247,1,2,3,1,2,4,3,3,3,3,2,2,3,4,3,3,4,4,3,3,4,4,4,2,2,3,75
248,1,2,2,3,1,4,4,4,4,4,3,3,3,4,3,3,3,3,3,4,4,4,4,2,2,2,61
249,1,2,3,3,2,4,4,4,4,3,3,3,3,4,3,3,4,3,3,3,4,4,4,3,3,3,70
250,1,2,1,1,3,4,1,2,3,4,2,4,4,4,1,2,4,4,4,4,4,4,1,4,4,4,75
251,1,2,1,3,3,3,3,3,4,4,3,3,3,4,4,4,3,3,3,3,4,4,4,2,2,2,60
252,1,2,1,2,4,4,4,4,3,3,3,3,3,4,3,4,4,3,3,3,3,3,3,2,2,2,74
253,1,2,2,1,1,4,4,3,4,3,3,4,3,4,3,2,2,3,3,3,3,3,3,3,3,3,60
254,1,2,2,4,5,4,4,4,3,3,3,4,3,4,3,4,4,3,3,3,4,4,4,3,3,3,64
255,1,2,1,2,2,4,4,4,3,4,3,4,4,4,3,4,3,3,3,3,4,4,3,3,3,3,59
256,1,2,2,2,1,4,4,4,4,4,3,4,3,4,3,4,3,3,4,3,3,3,4,3,2,3,67
257,1,2,3,2,2,4,4,4,4,3,3,4,3,4,4,3,3,4,3,4,4,4,3,3,2,3,67
258,1,1,3,2,5,4,4,4,3,3,3,3,3,3,3,4,3,3,2,2,3,4,3,2,2,2,65
259,1,2,1,1,2,4,4,4,4,4,3,3,3,4,3,3,3,3,3,3,4,4,4,3,3,3,70
260,0,2,1,5,5,3,2,2,3,3,2,4,1,1,2,3,3,1,3,3,3,4,4,2,3,2,67
261,1,2,1,3,1,3,3,3,4,3,3,4,3,3,2,3,3,3,4,3,3,3,3,3,3,2,85
262,0,2,1,5,2,3,3,4,4,3,3,3,3,3,3,3,3,3,4,3,3,3,3,3,3,2,57
263,1,2,3,4,5,4,4,4,4,4,4,4,4,4,3,4,4,4,4,4,4,4,4,4,4,4,89
264,1,2,3,2,1,4,4,4,4,4,4,4,3,3,2,3,3,4,4,3,4,4,4,3,3,3,72
265,1,2,1,4,5,4,4,4,3,4,3,3,3,4,3,4,4,3,3,3,3,3,4,4,3,3,83
266,0,2,1,5,5,4,3,3,3,3,2,4,3,3,2,3,4,4,3,3,4,4,4,2,3,2,70
267,1,3,1,1,2,4,4,4,4,4,4,4,4,4,4,4,4,4,4,4,4,4,4,4,4,4,64
268,0,2,1,5,5,4,4,4,4,4,4,4,4,4,4,4,4,4,4,4,4,4,4,4,4,4,59
269,0,2,3,5,5,2,2,3,3,3,3,4,3,3,2,3,3,4,4,3,3,3,3,3,3,2,82
270,0,2,1,5,5,3,3,4,3,3,2,4,1,1,2,3,3,3,4,3,3,3,4,2,2,2,68
271,1,2,1,3,5,3,4,3,4,3,2,4,3,3,3,3,4,3,4,4,3,4,4,3,4,3,74
272,0,2,3,5,5,4,4,4,4,4,4,4,4,4,4,4,4,4,4,3,4,4,4,4,4,3,79
273,1,1,1,1,5,4,4,3,4,4,4,4,4,3,3,3,4,4,4,4,4,3,3,4,4,4,61
274,1,2,1,1,2,4,4,4,4,4,4,4,4,4,3,4,4,4,4,4,4,4,4,4,4,4,72
275,0,2,1,5,5,3,4,4,4,4,3,4,3,3,3,3,4,3,3,3,3,4,3,3,3,3,55
276,0,2,3,5,5,3,3,2,4,3,2,4,4,1,2,4,4,3,3,3,3,3,3,2,3,2,82
277,1,2,1,3,5,4,3,3,3,3,4,3,3,4,3,3,3,1,3,3,3,3,3,1,2,3,69
278,0,2,1,5,2,4,4,4,4,4,3,3,3,4,3,3,4,3,3,3,4,4,4,3,3,3,59
279,0,2,1,5,1,4,4,4,4,4,4,4,4,3,4,4,4,4,4,4,3,3,3,4,3,3,69
280,1,2,1,4,5,4,4,4,4,4,4,3,3,4,2,3,3,3,3,3,4,4,4,3,3,3,67
281,1,2,1,1,2,4,3,3,4,3,3,4,3,3,3,4,3,3,4,3,4,3,3,3,3,3,69
282,1,2,3,4,1,3,3,3,3,3,3,3,3,3,1,3,3,3,3,3,4,4,3,3,2,3,65
283,1,2,1,1,1,3,3,3,3,3,3,4,3,4,3,3,3,3,4,4,4,4,3,3,3,2,63
284,1,2,1,3,1,4,4,3,4,3,4,4,4,4,3,4,4,4,4,3,4,3,4,4,4,4,74
285,1,2,1,1,2,4,3,4,4,3,3,4,4,4,3,4,4,4,4,3,4,3,4,4,3,3,73
286,1,1,1,3,5,3,3,2,2,2,2,2,1,1,1,2,1,1,2,1,1,1,1,1,1,2,64
287,1,1,1,3,5,4,4,4,3,3,2,3,3,2,3,4,4,4,3,2,3,2,2,3,3,3,64
288,1,1,1,3,5,4,4,3,3,3,2,3,3,3,3,4,3,3,3,3,3,3,1,3,3,3,67
289,0,1,3,3,5,3,3,2,3,3,2,3,3,3,2,4,4,3,3,3,3,2,3,2,1,2,69
290,1,1,2,3,5,3,3,3,3,3,3,3,3,2,3,3,3,3,3,3,3,3,3,3,3,3,59
291,1,1,1,3,5,4,4,3,3,3,2,3,3,3,3,3,3,3,3,3,1,2,3,3,3,3,62
292,1,1,1,3,5,3,3,3,3,3,2,3,3,2,3,3,3,3,3,3,3,2,1,3,3,3,64
293,1,1,3,3,5,3,3,3,2,3,2,3,3,3,2,3,3,3,2,3,3,3,1,3,2,3,72
294,1,1,1,3,5,3,3,3,3,3,3,3,3,3,3,3,3,3,3,3,3,3,2,3,3,3,63
295,0,1,1,3,5,3,3,2,2,3,2,3,2,1,3,4,4,4,3,2,2,2,2,3,2,1,67
296,1,1,3,3,5,3,3,2,2,2,2,1,1,1,3,1,1,1,1,2,2,2,2,2,2,2,69
297,1,1,1,3,5,4,3,4,4,4,3,3,3,3,3,3,3,3,4,4,3,3,3,3,3,4,68
298,1,1,3,3,5,3,3,3,3,3,3,3,2,2,2,3,3,3,3,3,3,3,3,3,3,3,71
299,1,1,1,3,5,3,3,2,2,3,2,3,3,2,2,3,3,2,2,3,2,2,2,3,2,2,64
300,1,1,1,3,5,4,4,4,4,4,4,4,3,3,4,4,4,4,4,4,3,3,3,3,4,3,58
